SNR (dB),Accuracy
20,0.9539583333333334
15,0.9597916666666667
10,0.9570833333333333
5,0.9572916666666667
0,0.9535416666666666
-5,0.95375
-10,0.9552083333333333
